insert into Author (author_id , name ) values (1, 'Andrea Adney');
insert into Author (author_id , name ) values (2, 'Parry Scoles');
insert into Author (author_id , name ) values (3, 'Humfried Tavner');
insert into Author (author_id , name ) values (4, 'Jeannine Whitmore');
insert into Author (author_id , name ) values (5, 'Jean Greenaway');
insert into Author (author_id , name ) values (6, 'Flor Kamenar');
insert into Author (author_id , name ) values (7, 'Eugenius Mace');
insert into Author (author_id , name ) values (8, 'Lane Mesant');
insert into Author (author_id , name ) values (9, 'Roma Pavlenkov');
insert into Author (author_id , name ) values (10, 'Deina Dolphin');
insert into Author (author_id , name ) values (11, 'Grayce Astlet');
insert into Author (author_id , name ) values (12, 'Kath Capps');
insert into Author (author_id , name ) values (13, 'Carly Orpyne');
insert into Author (author_id , name ) values (14, 'Delcine Perillio');
insert into Author (author_id , name ) values (15, 'Vinita Rohloff');
insert into Author (author_id , name ) values (16, 'Stacy Standon');
insert into Author (author_id , name ) values (17, 'Bronson Royan');
insert into Author (author_id , name ) values (18, 'Mallory Trattles');
insert into Author (author_id , name ) values (19, 'Ketti Waeland');
insert into Author (author_id , name ) values (20, 'Haven Rohan');

insert into Book (book_id , ISBN, title , price ) values (1, '37-808-9573', 'Trouble Every Day', 28.67);
insert into Book (book_id , ISBN, title , price ) values (2, '13-639-7922', 'Super Capers', 100.11);
insert into Book (book_id , ISBN, title , price ) values (3, '09-789-1420', 'In Bruges', 109.44);
insert into Book (book_id , ISBN, title , price ) values (4, '36-484-5928', 'Light the Fuse... Sartana Is Coming', 153.53);
insert into Book (book_id , ISBN, title , price ) values (5, '91-741-4850', 'Next Step, The', 138.05);
insert into Book (book_id , ISBN, title , price ) values (6, '99-493-9356', 'Year and a Half in the Life of Metallica, A', 33.05);
insert into Book (book_id , ISBN, title , price ) values (7, '79-585-7179', 'MacArthur', 76.95);
insert into Book (book_id , ISBN, title , price ) values (8, '35-301-3753', 'Carabineers, The (Carabiniers, Les)', 198.38);
insert into Book (book_id , ISBN, title , price ) values (9, '90-453-8530', 'Mighty Uke', 48.49);
insert into Book (book_id , ISBN, title , price ) values (10, '14-076-8826', '36th Chamber of Shaolin, The (Shao Lin san shi liu fang) (Master Killer)', 92.5);
insert into Book (book_id , ISBN, title , price ) values (11, '05-640-7355', 'Coffee and Cigarettes', 115.05);
insert into Book (book_id , ISBN, title , price ) values (12, '55-426-4455', 'Wake Up, Ron Burgundy', 35.32);
insert into Book (book_id , ISBN, title , price ) values (13, '52-707-1465', 'Zelary', 39.59);
insert into Book (book_id , ISBN, title , price ) values (14, '24-418-2328', 'Hansel & Gretel', 103.82);
insert into Book (book_id , ISBN, title , price ) values (15, '12-057-0643', 'Keeper, The', 26.02);
insert into Book (book_id , ISBN, title , price ) values (16, '85-515-8360', 'Harold and Kumar Go to White Castle', 32.12);
insert into Book (book_id , ISBN, title , price ) values (17, '69-550-2084', 'Wild Reeds (Les roseaux sauvages)', 39.49);
insert into Book (book_id , ISBN, title , price ) values (18, '91-874-6240', 'Focus', 47.36);
insert into Book (book_id , ISBN, title , price ) values (19, '35-421-3365', 'Bullfighter and the Lady', 46.21);
insert into Book (book_id , ISBN, title , price ) values (20, '76-427-4644', 'Halloween II', 88.08);

insert into Authorship  (authorship_id, author_id, book_id) values (1, 14, 8);
insert into Authorship  (authorship_id, author_id, book_id) values (2, 8, 18);
insert into Authorship  (authorship_id, author_id, book_id) values (3, 7, 11);
insert into Authorship  (authorship_id, author_id, book_id) values (4, 1, 17);
insert into Authorship  (authorship_id, author_id, book_id) values (5, 14, 2);
insert into Authorship  (authorship_id, author_id, book_id) values (6, 11, 7);
insert into Authorship  (authorship_id, author_id, book_id) values (7, 5, 3);
insert into Authorship  (authorship_id, author_id, book_id) values (8, 15, 6);
insert into Authorship  (authorship_id, author_id, book_id) values (9, 15, 1);
insert into Authorship  (authorship_id, author_id, book_id) values (10, 20, 13);
insert into Authorship  (authorship_id, author_id, book_id) values (11, 12, 16);
insert into Authorship  (authorship_id, author_id, book_id) values (12, 11, 16);
insert into Authorship  (authorship_id, author_id, book_id) values (13, 12, 20);
insert into Authorship  (authorship_id, author_id, book_id) values (14, 7, 3);
insert into Authorship  (authorship_id, author_id, book_id) values (15, 18, 4);
insert into Authorship  (authorship_id, author_id, book_id) values (16, 19, 5);
insert into Authorship  (authorship_id, author_id, book_id) values (17, 12, 1);
insert into Authorship  (authorship_id, author_id, book_id) values (18, 12, 8);
insert into Authorship  (authorship_id, author_id, book_id) values (19, 1, 6);
insert into Authorship  (authorship_id, author_id, book_id) values (20, 7, 10);


insert into Customer (customer_id, name, email, address) values (1, 'Bartholomeo Rotham', 'brotham0@reddit.com', '391 Hanson Place');
insert into Customer (customer_id, name, email, address) values (2, 'Muffin Hopkyns', 'mhopkyns1@ibm.com', '88921 Kennedy Place');
insert into Customer (customer_id, name, email, address) values (3, 'Miguela Biggins', 'mbiggins2@msu.edu', '07810 Golf Pass');
insert into Customer (customer_id, name, email, address) values (4, 'Ambrosi Thickin', 'athickin3@tuttocitta.it', '25 Menomonie Avenue');
insert into Customer (customer_id, name, email, address) values (5, 'Henrie Bresnen', 'hbresnen4@npr.org', '17488 Oxford Circle');
insert into Customer (customer_id, name, email, address) values (6, 'Windy Isworth', 'wisworth5@yale.edu', '136 Mesta Place');
insert into Customer (customer_id, name, email, address) values (7, 'Martguerita Ambrosoni', 'mambrosoni6@example.com', '76 Monterey Lane');
insert into Customer (customer_id, name, email, address) values (8, 'Gilles Fookes', 'gfookes7@wikispaces.com', '8 Sullivan Alley');
insert into Customer (customer_id, name, email, address) values (9, 'Brittaney Toffalo', 'btoffalo8@linkedin.com', '59700 Bluestem Point');
insert into Customer (customer_id, name, email, address) values (10, 'Willetta Cattell', 'wcattell9@shareasale.com', '60586 Burning Wood Place');
insert into Customer (customer_id, name, email, address) values (11, 'Tobie Langstone', 'tlangstonea@cbslocal.com', '4996 Donald Pass');
insert into Customer (customer_id, name, email, address) values (12, 'Lira Piscotti', 'lpiscottib@symantec.com', '54429 Florence Pass');
insert into Customer (customer_id, name, email, address) values (13, 'Hoebart Stainsby', 'hstainsbyc@freewebs.com', '9884 Debs Drive');
insert into Customer (customer_id, name, email, address) values (14, 'Celisse Torregiani', 'ctorregianid@issuu.com', '0 Sherman Terrace');
insert into Customer (customer_id, name, email, address) values (15, 'Dorolice Vernham', 'dvernhame@uiuc.edu', '22130 Lien Hill');
insert into Customer (customer_id, name, email, address) values (16, 'Adlai Cloy', 'acloyf@google.ru', '46870 Springs Plaza');
insert into Customer (customer_id, name, email, address) values (17, 'Alejandro Underdown', 'aunderdowng@mapquest.com', '51065 Hovde Hill');
insert into Customer (customer_id, name, email, address) values (18, 'Tuck Officer', 'tofficerh@blogspot.com', '65082 Roth Place');
insert into Customer (customer_id, name, email, address) values (19, 'Maighdiln Story', 'mstoryi@yandex.ru', '44 Westridge Terrace');
insert into Customer (customer_id, name, email, address) values (20, 'Brandy Sare', 'bsarej@boston.com', '55536 Tennessee Place');

insert into Inventory  (inventory_id, book_id , no_of_copies) values (1, 1, 73);
insert into Inventory  (inventory_id, book_id , no_of_copies) values (2, 2, 89);
insert into Inventory  (inventory_id, book_id , no_of_copies) values (3, 3, 26);
insert into Inventory  (inventory_id, book_id , no_of_copies) values (4, 4, 195);
insert into Inventory  (inventory_id, book_id , no_of_copies) values (5, 5, 186);
insert into Inventory  (inventory_id, book_id , no_of_copies) values (6, 6, 19);
insert into Inventory  (inventory_id, book_id , no_of_copies) values (7, 7, 194);
insert into Inventory  (inventory_id, book_id , no_of_copies) values (8, 8, 24);
insert into Inventory  (inventory_id, book_id , no_of_copies) values (9, 9, 155);
insert into Inventory  (inventory_id, book_id , no_of_copies) values (10, 10, 75);
insert into Inventory  (inventory_id, book_id , no_of_copies) values (11, 11, 46);
insert into Inventory  (inventory_id, book_id , no_of_copies) values (12, 12, 60);
insert into Inventory  (inventory_id, book_id , no_of_copies) values (13, 13, 120);
insert into Inventory  (inventory_id, book_id , no_of_copies) values (14, 14, 167);
insert into Inventory  (inventory_id, book_id , no_of_copies) values (15, 15, 139);
insert into Inventory  (inventory_id, book_id , no_of_copies) values (16, 16, 96);
insert into Inventory  (inventory_id, book_id , no_of_copies) values (17, 17, 19);
insert into Inventory  (inventory_id, book_id , no_of_copies) values (18, 18, 59);
insert into Inventory  (inventory_id, book_id , no_of_copies) values (19, 19, 68);
insert into Inventory  (inventory_id, book_id , no_of_copies) values (20, 20, 166);

insert into Order (order_id, customer_id, book_id, order_total, created_at ) values (1, 6, 77, 155, '2018-11-09 03:11:34');
insert into Order (order_id, customer_id, book_id, order_total, created_at ) values (2, 7, 9, 139, '2018-06-25 19:08:38');
insert into Order (order_id, customer_id, book_id, order_total, created_at ) values (3, 14, 73, 35, '2018-04-17 00:32:56');
insert into Order (order_id, customer_id, book_id, order_total, created_at ) values (4, 19, 85, 51, '2018-12-02 00:34:13');
insert into Order (order_id, customer_id, book_id, order_total, created_at ) values (5, 1, 81, 153, '2018-09-07 21:42:17');
insert into Order (order_id, customer_id, book_id, order_total, created_at ) values (6, 3, 41, 85, '2019-03-27 15:24:54');
insert into Order (order_id, customer_id, book_id, order_total, created_at ) values (7, 12, 33, 47, '2018-06-02 13:42:29');
insert into Order (order_id, customer_id, book_id, order_total, created_at ) values (8, 11, 54, 111, '2019-02-10 08:08:39');
insert into Order (order_id, customer_id, book_id, order_total, created_at ) values (9, 5, 5, 184, '2018-09-02 21:29:20');
insert into Order (order_id, customer_id, book_id, order_total, created_at ) values (10, 9, 65, 167, '2019-03-06 05:28:50');
insert into Order (order_id, customer_id, book_id, order_total, created_at ) values (11, 6, 73, 35, '2019-02-20 14:58:37');
insert into Order (order_id, customer_id, book_id, order_total, created_at ) values (12, 5, 78, 124, '2019-02-12 16:09:32');
insert into Order (order_id, customer_id, book_id, order_total, created_at ) values (13, 17, 70, 171, '2019-02-15 02:22:52');
insert into Order (order_id, customer_id, book_id, order_total, created_at ) values (14, 20, 63, 180, '2018-08-10 08:54:32');
insert into Order (order_id, customer_id, book_id, order_total, created_at ) values (15, 2, 96, 107, '2018-07-24 01:56:48');
insert into Order (order_id, customer_id, book_id, order_total, created_at ) values (16, 2, 94, 158, '2018-06-03 00:34:36');
insert into Order (order_id, customer_id, book_id, order_total, created_at ) values (17, 6, 34, 107, '2018-05-09 06:49:06');
insert into Order (order_id, customer_id, book_id, order_total, created_at ) values (18, 19, 25, 200, '2018-11-27 09:00:22');
insert into Order (order_id, customer_id, book_id, order_total, created_at ) values (19, 8, 96, 167, '2019-01-01 15:44:39');
insert into Order (order_id, customer_id, book_id, order_total, created_at ) values (20, 2, 15, 83, '2018-12-15 15:37:05');


insert into Order_Line  (order_line_id, order_id , book_id, quantity , item_total) values (1, 1, 18, 96, 97.03);
insert into Order_Line  (order_line_id, order_id , book_id, quantity , item_total) values (2, 2, 15, 72, 95.61);
insert into Order_Line  (order_line_id, order_id , book_id, quantity , item_total) values (3, 3, 6, 13, 45.57);
insert into Order_Line  (order_line_id, order_id , book_id, quantity , item_total) values (4, 4, 4, 11, 71.98);
insert into Order_Line  (order_line_id, order_id , book_id, quantity , item_total) values (5, 5, 1, 33, 89.29);
insert into Order_Line  (order_line_id, order_id , book_id, quantity , item_total) values (6, 6, 17, 97, 76.23);
insert into Order_Line  (order_line_id, order_id , book_id, quantity , item_total) values (7, 7, 5, 75, 77.11);
insert into Order_Line  (order_line_id, order_id , book_id, quantity , item_total) values (8, 8, 5, 47, 65.52);
insert into Order_Line  (order_line_id, order_id , book_id, quantity , item_total) values (9, 9, 15, 75, 69.24);
insert into Order_Line  (order_line_id, order_id , book_id, quantity , item_total) values (10, 10, 2, 88, 52.05);
insert into Order_Line  (order_line_id, order_id , book_id, quantity , item_total) values (11, 11, 13, 69, 77.03);
insert into Order_Line  (order_line_id, order_id , book_id, quantity , item_total) values (12, 12, 5, 79, 80.91);
insert into Order_Line  (order_line_id, order_id , book_id, quantity , item_total) values (13, 13, 12, 71, 76.33);
insert into Order_Line  (order_line_id, order_id , book_id, quantity , item_total) values (14, 14, 5, 7, 75.01);
insert into Order_Line  (order_line_id, order_id , book_id, quantity , item_total) values (15, 15, 18, 18, 85.37);
insert into Order_Line  (order_line_id, order_id , book_id, quantity , item_total) values (16, 16, 1, 94, 48.16);
insert into Order_Line  (order_line_id, order_id , book_id, quantity , item_total) values (17, 17, 16, 65, 85.72);
insert into Order_Line  (order_line_id, order_id , book_id, quantity , item_total) values (18, 18, 6, 83, 83.34);
insert into Order_Line  (order_line_id, order_id , book_id, quantity , item_total) values (19, 19, 14, 82, 72.77);
insert into Order_Line  (order_line_id, order_id , book_id, quantity , item_total) values (20, 20, 6, 38, 49.55);
